aptNm,area_bucket,dealDate,dealAmount_now,buildYear,age_at_deal,excluUseAr,floor,dealYear,dealMonth,price_5y
e편한세상상도노빌리티,55.0,2020-01-02,115000,2018,2,59.7827,14,2020,1,146016.66666666666
e편한세상상도노빌리티,55.0,2020-01-29,109900,2018,2,59.9173,2,2020,1,147185.1851851852
e편한세상상도노빌리티,55.0,2020-01-29,110100,2018,2,59.9173,5,2020,1,147185.1851851852
e편한세상상도노빌리티,55.0,2020-01-29,97000,2018,2,59.9173,1,2020,1,147185.1851851852
e편한세상상도노빌리티,55.0,2020-02-01,112500,2018,2,59.7827,19,2020,2,147653.84615384616
e편한세상상도노빌리티,55.0,2020-02-15,109000,2018,2,59.9173,9,2020,2,148229.16666666666
e편한세상상도노빌리티,55.0,2020-02-19,115000,2018,2,59.7827,4,2020,2,148229.16666666666
e편한세상상도노빌리티,55.0,2020-02-28,114000,2018,2,59.9173,2,2020,2,149557.6923076923
e편한세상상도노빌리티,55.0,2020-03-07,116000,2018,2,59.7827,20,2020,3,149820.0
e편한세상상도노빌리티,55.0,2020-06-14,118000,2018,2,59.7827,15,2020,6,151204.54545454544
e편한세상상도노빌리티,55.0,2020-06-15,115000,2018,2,59.5905,26,2020,6,151204.54545454544
e편한세상상도노빌리티,55.0,2020-07-12,128000,2018,2,59.5905,20,2020,7,151204.54545454544
e편한세상상도노빌리티,55.0,2020-07-22,124000,2018,2,59.7827,16,2020,7,151204.54545454544
e편한세상상도노빌리티,55.0,2020-07-26,129000,2018,2,59.7827,9,2020,7,151204.54545454544
e편한세상상도노빌리티,55.0,2020-10-14,129500,2018,2,59.7827,18,2020,10,157050.0
e편한세상상도노빌리티,55.0,2020-11-17,129500,2018,2,59.7827,17,2020,11,159071.42857142858
e편한세상상도노빌리티,55.0,2020-12-03,128500,2018,2,59.9173,12,2020,12,162100.0
e편한세상상도노빌리티,55.0,2020-12-06,124800,2018,2,59.7827,3,2020,12,162100.0
e편한세상상도노빌리티,55.0,2020-12-22,128000,2018,2,59.7827,25,2020,12,165500.0
e편한세상상도노빌리티,55.0,2021-01-02,131800,2018,3,59.7827,13,2021,1,165500.0
e편한세상상도노빌리티,55.0,2021-01-13,132800,2018,3,59.7827,1,2021,1,165500.0
e편한세상상도노빌리티,80.0,2020-02-18,149000,2018,2,84.8746,25,2020,2,168884.375
e편한세상상도노빌리티,80.0,2020-03-27,140000,2018,2,84.9704,17,2020,3,175765.9090909091
e편한세상상도노빌리티,80.0,2020-05-01,132000,2018,2,84.9704,17,2020,5,181170.58823529413
e편한세상상도노빌리티,80.0,2020-06-17,140000,2018,2,84.9704,8,2020,6,181594.0
e편한세상상도노빌리티,80.0,2020-07-04,145000,2018,2,84.9704,11,2020,7,182034.693877551
e편한세상상도노빌리티,80.0,2020-07-17,142500,2018,2,84.9704,9,2020,7,182951.06382978722
e편한세상상도노빌리티,80.0,2020-07-27,148500,2018,2,84.9704,14,2020,7,183417.39130434784
e편한세상상도노빌리티,80.0,2020-08-03,160000,2018,2,84.8746,1,2020,8,183417.39130434784
e편한세상상도노빌리티,80.0,2020-08-18,150000,2018,2,84.9704,16,2020,8,183831.11111111112
e편한세상상도노빌리티,80.0,2020-08-31,149000,2018,2,84.9704,22,2020,8,184695.3488372093
e편한세상상도노빌리티,80.0,2020-09-04,147000,2018,2,84.9704,2,2020,9,184695.3488372093
e편한세상상도노빌리티,80.0,2020-09-07,148500,2018,2,84.9704,3,2020,9,185092.85714285713
e편한세상상도노빌리티,80.0,2020-10-17,149500,2018,2,84.8746,11,2020,10,186446.15384615384
e편한세상상도노빌리티,80.0,2020-10-28,145000,2018,2,84.9546,3,2020,10,186852.63157894736
e편한세상상도노빌리티,80.0,2020-10-28,149000,2018,2,84.9546,11,2020,10,186852.63157894736
e편한세상상도노빌리티,80.0,2020-10-28,149000,2018,2,84.9546,11,2020,10,186852.63157894736
e편한세상상도노빌리티,80.0,2020-11-19,150000,2018,2,84.8746,20,2020,11,187254.05405405405
e편한세상상도노빌리티,80.0,2020-11-25,150000,2018,2,84.8746,15,2020,11,188097.14285714287
e편한세상상도노빌리티,80.0,2020-11-28,144500,2018,2,84.9704,21,2020,11,188097.14285714287
e편한세상상도노빌리티,80.0,2020-12-05,149000,2018,2,84.9546,7,2020,12,188423.5294117647
e편한세상상도노빌리티,80.0,2020-12-12,149000,2018,2,84.9704,3,2020,12,189658.06451612903
e편한세상상도노빌리티,80.0,2020-12-15,145000,2018,2,84.9704,16,2020,12,189813.33333333334
e편한세상상도노빌리티,80.0,2020-12-26,159000,2018,2,84.9704,11,2020,12,190371.42857142858
e편한세상상도노빌리티,80.0,2020-12-26,147000,2018,2,84.9546,2,2020,12,190371.42857142858
e편한세상상도노빌리티,80.0,2021-01-13,163300,2018,3,84.9704,26,2021,1,192959.25925925927
e편한세상상도노빌리티,80.0,2021-02-09,160000,2018,3,84.9704,18,2021,2,194391.66666666666
e편한세상상도노빌리티,80.0,2021-03-17,130020,2018,3,84.9546,8,2021,3,201384.61538461538
e편한세상상도노빌리티,105.0,2020-03-09,159200,2018,2,108.9843,22,2020,3,195000.0
건영,30.0,2020-02-22,44200,1997,23,32.8,15,2020,2,57031.57894736842
건영,30.0,2020-03-21,47000,1997,23,32.8,17,2020,3,57510.52631578947
건영,30.0,2020-06-06,52000,1997,23,32.8,13,2020,6,57455.555555555555
건영,30.0,2020-06-17,52500,1997,23,32.8,3,2020,6,57455.555555555555
건영,30.0,2020-06-20,51000,1997,23,32.8,18,2020,6,57455.555555555555
건영,30.0,2020-06-25,46000,1997,23,32.8,1,2020,6,57517.64705882353
건영,30.0,2020-07-11,53300,1997,23,32.8,3,2020,7,57406.25
건영,30.0,2020-08-04,55500,1997,23,32.8,10,2020,8,57406.25
건영,30.0,2020-08-15,58700,1997,23,32.8,13,2020,8,57466.666666666664
건영,30.0,2020-10-15,62800,1997,23,32.8,17,2020,10,57572.72727272727
건영,110.0,2020-01-14,89700,1997,23,114.96,6,2020,1,113014.70588235294
건영,110.0,2020-02-19,90000,1997,23,114.96,7,2020,2,113720.58823529411
건영,110.0,2020-02-21,89000,1997,23,114.96,3,2020,2,113720.58823529411
건영,110.0,2020-06-20,88800,1997,23,114.96,5,2020,6,118607.14285714286
건영,110.0,2020-07-04,99000,1997,23,114.96,7,2020,7,119578.94736842105
건영,110.0,2020-07-09,97000,1997,23,114.96,14,2020,7,119578.94736842105
건영,110.0,2020-10-31,102500,1997,23,114.96,9,2020,10,124115.38461538461
건영,110.0,2020-12-05,105500,1997,23,114.96,10,2020,12,125555.55555555556
경향렉스빌,55.0,2020-07-31,52000,2002,18,58.7112,1,2020,7,67500.0
경향렉스빌,55.0,2021-02-19,69500,2002,19,58.7112,12,2021,2,67500.0
경향렉스빌,55.0,2021-03-07,70000,2002,19,58.7112,15,2021,3,67500.0
경향렉스빌,55.0,2021-03-15,68500,2002,19,58.7112,16,2021,3,67000.0
경향렉스빌,60.0,2020-07-04,55000,2002,18,61.5494,7,2020,7,68475.0
경향렉스빌,80.0,2020-01-23,56000,2002,18,84.5802,9,2020,1,83000.0
경향렉스빌,80.0,2020-06-29,68800,2002,18,84.9832,5,2020,6,85500.0
경향렉스빌,80.0,2020-07-09,70500,2002,18,84.5802,12,2020,7,85500.0
경향렉스빌,80.0,2020-07-18,69000,2002,18,84.5802,2,2020,7,85500.0
경향렉스빌,80.0,2020-07-25,78700,2002,18,84.9832,12,2020,7,85500.0
경향렉스빌,110.0,2020-03-02,76500,2002,18,114.6534,6,2020,3,89000.0
남현그린,75.0,2020-07-14,36500,2003,17,78.37,2,2020,7,49000.0
다온아파트,55.0,2020-04-21,39800,2017,3,55.22,2,2020,4,57000.0
대림아파트,65.0,2020-01-13,59000,1995,25,66.59,14,2020,1,69642.85714285714
대림아파트,65.0,2020-02-24,59500,1995,25,66.59,13,2020,2,69916.66666666667
대림아파트,65.0,2020-05-15,60000,1995,25,66.59,5,2020,5,70416.66666666667
대림아파트,65.0,2020-06-13,61000,1995,25,66.59,3,2020,6,70416.66666666667
대림아파트,65.0,2020-06-13,61000,1995,25,66.59,3,2020,6,70416.66666666667
대림아파트,65.0,2020-06-17,59000,1995,25,66.59,4,2020,6,70900.0
대림아파트,65.0,2020-08-05,69800,1995,25,66.59,6,2020,8,70625.0
대림아파트,80.0,2020-01-15,65500,1995,25,84.89,6,2020,1,82062.5
대림아파트,80.0,2020-01-18,66000,1995,25,84.89,10,2020,1,82062.5
대림아파트,80.0,2020-02-15,66500,1995,25,84.89,5,2020,2,82722.22222222222
대림아파트,80.0,2020-05-30,60000,1995,25,84.89,2,2020,5,83754.54545454546
대림아파트,80.0,2020-05-30,62000,1995,25,84.89,3,2020,5,83754.54545454546
대림아파트,80.0,2020-06-08,66000,1995,25,84.89,11,2020,6,83754.54545454546
대림아파트,80.0,2020-06-13,69500,1995,25,84.89,4,2020,6,83754.54545454546
대림아파트,80.0,2020-06-17,69800,1995,25,84.89,15,2020,6,83754.54545454546
대림아파트,80.0,2020-06-23,74000,1995,25,84.89,12,2020,6,83754.54545454546
대림아파트,80.0,2020-07-02,71500,1995,25,84.89,1,2020,7,83754.54545454546
대림아파트,80.0,2020-07-06,78000,1995,25,84.89,10,2020,7,83754.54545454546
대림아파트,80.0,2020-07-14,75800,1995,25,84.89,14,2020,7,83754.54545454546
대림아파트,80.0,2020-09-12,80500,1995,25,84.89,7,2020,9,83754.54545454546
대림아파트,80.0,2021-01-23,87000,1995,26,84.89,10,2021,1,84714.28571428571
대림아파트,80.0,2021-03-11,89000,1995,26,84.89,8,2021,3,85100.0
대림아파트,80.0,2021-03-20,81000,1995,26,84.89,2,2021,3,86375.0
대우유로카운티,130.0,2020-06-16,100000,2003,17,133.67,8,2020,6,141000.0
대우유로카운티,140.0,2020-06-27,102000,2003,17,142.129,13,2020,6,139500.0
대우유로카운티,140.0,2020-09-03,104500,2003,17,142.129,17,2020,9,139500.0
동아,80.0,2020-03-21,43850,1995,25,83.09,6,2020,3,63500.0
동아,80.0,2020-07-11,55000,1995,25,83.09,4,2020,7,63500.0
동아,80.0,2020-11-01,62000,1995,25,83.09,8,2020,11,63500.0
동원베네스트,80.0,2020-06-16,93000,2008,12,84.97,3,2020,6,123471.42857142857
동원베네스트,80.0,2020-06-18,93000,2008,12,84.958,10,2020,6,123471.42857142857
동원베네스트,80.0,2020-06-27,94000,2008,12,84.958,4,2020,6,123471.42857142857
동원베네스트,80.0,2020-06-29,98000,2008,12,84.97,10,2020,6,123471.42857142857
동원베네스트,80.0,2020-07-04,98000,2008,12,84.958,6,2020,7,123471.42857142857
동원베네스트,80.0,2020-07-14,100000,2008,12,84.958,4,2020,7,123471.42857142857
동원베네스트,80.0,2020-07-14,100000,2008,12,84.958,4,2020,7,123471.42857142857
동원베네스트,80.0,2020-08-13,109000,2008,12,84.953,10,2020,8,123471.42857142857
동원베네스트,80.0,2020-09-10,102000,2008,12,84.958,8,2020,9,123471.42857142857
동원베네스트,80.0,2020-11-02,109500,2008,12,84.97,6,2020,11,124583.33333333333
동원베네스트,80.0,2020-11-29,109800,2008,12,84.97,5,2020,11,125409.09090909091
동원베네스트,80.0,2020-12-09,110000,2008,12,84.958,7,2020,12,126050.0
동원베네스트,80.0,2020-12-09,110000,2008,12,84.829,2,2020,12,126050.0
동원베네스트,80.0,2020-12-11,114500,2008,12,84.958,7,2020,12,126050.0
동원베네스트,80.0,2020-12-18,109800,2008,12,84.958,12,2020,12,127277.77777777778
동원베네스트,80.0,2021-02-01,115000,2008,13,84.97,2,2021,2,128071.42857142857
두산위브트레지움2차,55.0,2020-01-23,90000,2016,4,59.7852,4,2020,1,131333.33333333334
두산위브트레지움2차,55.0,2020-02-28,110000,2016,4,59.7852,9,2020,2,136500.0
두산위브트레지움2차,55.0,2020-09-16,110000,2016,4,59.7852,17,2020,9,140833.33333333334
두산위브트레지움2차,55.0,2020-12-13,123000,2016,4,59.7852,11,2020,12,146250.0
두산위브트레지움2차,55.0,2021-02-22,129500,2016,5,59.7852,3,2021,2,149500.0
두산위브트레지움2차,80.0,2020-01-31,123000,2016,4,84.8624,20,2020,1,149737.80487804877
두산위브트레지움2차,80.0,2020-02-25,129000,2016,4,84.864,23,2020,2,149737.80487804877
두산위브트레지움2차,80.0,2020-03-07,127000,2016,4,84.8032,19,2020,3,149768.75
두산위브트레지움2차,80.0,2020-06-02,126500,2016,4,84.9988,9,2020,6,155627.77777777778
두산위브트레지움2차,80.0,2020-06-09,130800,2016,4,84.9736,11,2020,6,155627.77777777778
두산위브트레지움2차,80.0,2020-06-15,129000,2016,4,84.8032,15,2020,6,156215.11627906977
두산위브트레지움2차,80.0,2020-06-16,130000,2016,4,84.8624,16,2020,6,156215.11627906977
두산위브트레지움2차,80.0,2020-06-16,127300,2016,4,84.8032,19,2020,6,156215.11627906977
두산위브트레지움2차,80.0,2020-06-20,128500,2016,4,84.864,16,2020,6,156215.11627906977
두산위브트레지움2차,80.0,2020-06-22,128000,2016,4,84.864,7,2020,6,156215.11627906977
두산위브트레지움2차,80.0,2020-06-25,127000,2016,4,84.864,10,2020,6,156215.11627906977
두산위브트레지움2차,80.0,2020-06-26,129000,2016,4,84.8032,15,2020,6,156215.11627906977
두산위브트레지움2차,80.0,2020-06-28,130000,2016,4,84.8032,20,2020,6,156215.11627906977
두산위브트레지움2차,80.0,2020-06-29,129000,2016,4,84.864,17,2020,6,156215.11627906977
두산위브트레지움2차,80.0,2020-07-01,133500,2016,4,84.8032,16,2020,7,156215.11627906977
두산위브트레지움2차,80.0,2020-07-02,127000,2016,4,84.864,5,2020,7,156215.11627906977
두산위브트레지움2차,80.0,2020-07-07,129000,2016,4,84.8032,4,2020,7,156529.7619047619
두산위브트레지움2차,80.0,2020-07-07,129000,2016,4,84.8032,4,2020,7,156529.7619047619
두산위브트레지움2차,80.0,2020-07-16,137500,2016,4,84.864,8,2020,7,158085.52631578947
두산위브트레지움2차,80.0,2020-07-20,138000,2016,4,84.9736,7,2020,7,158085.52631578947
두산위브트레지움2차,80.0,2020-10-26,133000,2016,4,84.8032,10,2020,10,169847.22222222222
두산위브트레지움2차,80.0,2020-10-31,138500,2016,4,84.8032,12,2020,10,169847.22222222222
두산위브트레지움2차,80.0,2020-12-02,140000,2016,4,84.9736,20,2020,12,171187.5
두산위브트레지움2차,80.0,2020-12-04,141500,2016,4,84.864,15,2020,12,171800.0
두산위브트레지움2차,80.0,2020-12-13,137500,2016,4,84.864,15,2020,12,173615.38461538462
두산위브트레지움2차,80.0,2020-12-22,140000,2016,4,84.9988,21,2020,12,177000.0
두산위브트레지움2차,80.0,2020-12-25,139500,2016,4,84.864,17,2020,12,177000.0
두산위브트레지움2차,80.0,2021-01-09,145000,2016,5,84.864,12,2021,1,177000.0
두산위브트레지움2차,80.0,2021-01-23,141000,2016,5,84.864,9,2021,1,177000.0
두산위브트레지움2차,80.0,2021-02-01,145000,2016,5,84.864,19,2021,2,177000.0
두산위브트레지움2차,80.0,2021-02-10,146400,2016,5,84.8032,10,2021,2,177000.0
두산위브트레지움2차,80.0,2021-02-27,152000,2016,5,84.9736,16,2021,2,177000.0
래미안상도3차,55.0,2020-07-24,97000,2004,16,59.97,14,2020,7,121750.0
래미안상도3차,55.0,2020-09-02,97200,2004,16,59.97,5,2020,9,122176.4705882353
래미안상도3차,55.0,2020-10-06,96000,2004,16,59.97,3,2020,10,125642.85714285714
래미안상도3차,55.0,2020-10-28,97000,2004,16,59.97,12,2020,10,125642.85714285714
래미안상도3차,55.0,2020-10-29,97000,2004,16,59.97,12,2020,10,125642.85714285714
래미안상도3차,55.0,2020-12-24,108000,2004,16,59.97,5,2020,12,129571.42857142857
래미안상도3차,80.0,2020-02-15,108700,2004,16,84.96,11,2020,2,135917.94871794872
래미안상도3차,80.0,2020-02-21,99000,2004,16,84.96,3,2020,2,136205.26315789475
래미안상도3차,80.0,2020-02-27,98000,2004,16,84.96,3,2020,2,136291.8918918919
래미안상도3차,80.0,2020-03-06,108000,2004,16,84.96,15,2020,3,136457.5
래미안상도3차,80.0,2020-04-11,95000,2004,16,84.96,2,2020,4,138306.0
래미안상도3차,80.0,2020-05-09,101900,2004,16,84.96,3,2020,5,138459.25925925927
래미안상도3차,80.0,2020-05-16,101000,2004,16,84.96,3,2020,5,138459.25925925927
래미안상도3차,80.0,2020-05-19,110000,2004,16,84.96,8,2020,5,138459.25925925927
래미안상도3차,80.0,2020-06-04,99000,2004,16,84.96,2,2020,6,138775.0
래미안상도3차,80.0,2020-06-08,110500,2004,16,84.96,9,2020,6,138760.78431372548
래미안상도3차,80.0,2020-06-10,110700,2004,16,84.96,8,2020,6,138760.78431372548
래미안상도3차,80.0,2020-06-11,105500,2004,16,84.96,10,2020,6,138760.78431372548
래미안상도3차,80.0,2020-06-15,114000,2004,16,84.96,14,2020,6,138936.0
래미안상도3차,80.0,2020-06-20,108200,2004,16,84.96,6,2020,6,138936.0
래미안상도3차,80.0,2020-06-22,108900,2004,16,84.96,4,2020,6,138936.0
래미안상도3차,80.0,2020-06-22,111000,2004,16,84.96,3,2020,6,138936.0
래미안상도3차,80.0,2020-06-23,110800,2004,16,84.96,3,2020,6,138936.0
래미안상도3차,80.0,2020-06-24,107500,2004,16,84.96,9,2020,6,138936.0
래미안상도3차,80.0,2020-06-27,111800,2004,16,84.96,13,2020,6,138936.0
래미안상도3차,80.0,2020-06-29,112000,2004,16,84.96,4,2020,6,138936.0
래미안상도3차,80.0,2020-06-30,113000,2004,16,84.96,6,2020,6,138936.0
래미안상도3차,80.0,2020-07-01,98000,2004,16,84.96,1,2020,7,138936.0
래미안상도3차,80.0,2020-07-03,115000,2004,16,84.96,9,2020,7,138936.0
래미안상도3차,80.0,2020-07-04,109000,2004,16,84.96,5,2020,7,138936.0
래미안상도3차,80.0,2020-07-09,111000,2004,16,84.96,2,2020,7,138936.0
래미안상도3차,80.0,2020-07-11,106000,2004,16,84.96,2,2020,7,138936.0
래미안상도3차,80.0,2020-07-11,115700,2004,16,84.96,9,2020,7,138936.0
래미안상도3차,80.0,2020-07-28,114000,2004,16,84.96,7,2020,7,139057.14285714287
래미안상도3차,80.0,2020-07-28,114000,2004,16,84.96,7,2020,7,139057.14285714287
래미안상도3차,80.0,2020-08-01,114800,2004,16,84.96,15,2020,8,139057.14285714287
래미안상도3차,80.0,2020-08-03,95000,2004,16,84.96,8,2020,8,139057.14285714287
래미안상도3차,80.0,2020-08-07,114500,2004,16,84.96,10,2020,8,139057.14285714287
래미안상도3차,80.0,2020-08-21,113400,2004,16,84.96,5,2020,8,139339.58333333334
래미안상도3차,80.0,2020-09-01,115700,2004,16,84.96,12,2020,9,139789.13043478262
래미안상도3차,80.0,2020-09-05,114500,2004,16,84.96,6,2020,9,139789.13043478262
래미안상도3차,80.0,2020-09-05,114500,2004,16,84.96,11,2020,9,139789.13043478262
래미안상도3차,80.0,2020-09-12,110000,2004,16,84.96,6,2020,9,139984.44444444444
래미안상도3차,80.0,2020-10-10,119800,2004,16,84.96,5,2020,10,140447.61904761905
래미안상도3차,80.0,2020-10-10,119800,2004,16,84.96,5,2020,10,140447.61904761905
래미안상도3차,80.0,2020-10-12,120000,2004,16,84.96,6,2020,10,140447.61904761905
래미안상도3차,80.0,2020-11-17,124700,2004,16,84.96,9,2020,11,141364.86486486485
래미안상도3차,80.0,2020-11-27,114000,2004,16,84.96,2,2020,11,141458.33333333334
래미안상도3차,80.0,2020-12-05,124800,2004,16,84.96,13,2020,12,141500.0
래미안상도3차,80.0,2020-12-10,122000,2004,16,84.96,14,2020,12,141720.58823529413
래미안상도3차,80.0,2020-12-15,122000,2004,16,84.96,12,2020,12,141818.18181818182
래미안상도3차,80.0,2020-12-16,122000,2004,16,84.96,12,2020,12,141818.18181818182
래미안상도3차,80.0,2020-12-28,130000,2004,16,84.96,10,2020,12,142895.2380952381
래미안상도3차,80.0,2020-12-31,122000,2004,16,84.96,8,2020,12,142895.2380952381
래미안상도3차,80.0,2021-01-05,107000,2004,17,84.96,1,2021,1,142895.2380952381
래미안상도3차,80.0,2021-01-18,136800,2004,17,84.96,11,2021,1,142895.2380952381
래미안상도3차,80.0,2021-04-08,129500,2004,17,84.96,14,2021,4,140375.0
래미안상도3차,110.0,2020-01-18,124000,2004,16,114.97,14,2020,1,152093.75
래미안상도3차,110.0,2020-01-18,129000,2004,16,114.97,8,2020,1,152093.75
래미안상도3차,110.0,2020-03-17,108000,2004,16,114.97,1,2020,3,152121.05263157896
래미안상도3차,110.0,2020-05-27,115000,2004,16,114.97,3,2020,5,154635.7142857143
래미안상도3차,110.0,2020-06-29,132000,2004,16,114.97,5,2020,6,154635.7142857143
래미안상도3차,110.0,2020-06-29,130000,2004,16,114.97,15,2020,6,154635.7142857143
래미안상도3차,110.0,2020-06-29,127000,2004,16,114.97,8,2020,6,154635.7142857143
래미안상도3차,110.0,2020-07-04,122000,2004,16,114.97,3,2020,7,154635.7142857143
래미안상도3차,110.0,2020-07-04,122000,2004,16,114.97,3,2020,7,154635.7142857143
래미안상도3차,110.0,2020-07-08,134500,2004,16,114.97,12,2020,7,154635.7142857143
래미안상도3차,110.0,2020-10-08,133000,2004,16,114.97,10,2020,10,155152.0
래미안상도3차,110.0,2020-11-14,135000,2004,16,114.97,8,2020,11,156059.0909090909
래미안상도3차,110.0,2020-12-11,148000,2004,16,114.97,10,2020,12,156059.0909090909
래미안상도3차,110.0,2020-12-13,148000,2004,16,114.97,15,2020,12,156059.0909090909
래미안상도3차,110.0,2020-12-22,147000,2004,16,114.97,5,2020,12,155936.84210526315
래미안상도3차,110.0,2021-01-12,144900,2004,17,114.97,4,2021,1,157518.75
래미안상도3차,110.0,2021-01-26,152000,2004,17,114.97,7,2021,1,157720.0
래미안상도3차,110.0,2021-02-05,149500,2004,17,114.97,8,2021,2,157720.0
래미안상도3차,110.0,2021-02-15,145000,2004,17,114.97,5,2021,2,158164.2857142857
래미안상도3차,110.0,2021-02-19,150000,2004,17,114.97,13,2021,2,158164.2857142857
래미안상도3차,160.0,2020-07-03,140000,2004,16,164.91,1,2020,7,211000.0
래미안상도3차,160.0,2020-10-31,167000,2004,16,164.91,4,2020,10,211000.0
래미안상도3차,160.0,2021-02-05,171200,2004,17,164.91,12,2021,2,211000.0
롯데캐슬비엔,80.0,2020-01-11,85000,2010,10,84.95,4,2020,1,107100.0
삼성래미안2,55.0,2020-03-07,79900,2003,17,59.886,9,2020,3,95007.5
삼성래미안2,55.0,2020-06-04,78000,2003,17,59.886,2,2020,6,95797.36842105263
삼성래미안2,55.0,2020-06-15,76200,2003,17,59.886,1,2020,6,95675.0
삼성래미안2,55.0,2020-06-19,78000,2003,17,59.886,5,2020,6,95675.0
삼성래미안2,55.0,2020-07-08,82000,2003,17,59.886,12,2020,7,95905.88235294117
삼성래미안2,55.0,2020-08-11,83000,2003,17,59.886,3,2020,8,97535.71428571429
삼성래미안2,55.0,2020-08-31,86000,2003,17,59.886,3,2020,8,97961.53846153847
삼성래미안2,55.0,2020-09-10,90000,2003,17,59.886,12,2020,9,98291.66666666667
삼성래미안2,55.0,2020-10-05,89000,2003,17,59.886,7,2020,10,99277.77777777778
삼성래미안2,55.0,2020-11-07,89800,2003,17,59.886,3,2020,11,99277.77777777778
삼성래미안2,55.0,2020-11-27,90000,2003,17,59.886,4,2020,11,100416.66666666667
삼성래미안2,55.0,2021-01-19,91000,2003,18,59.886,5,2021,1,103500.0
삼성래미안2,55.0,2021-02-20,89500,2003,18,59.886,6,2021,2,103500.0
삼성래미안2,80.0,2020-02-20,89000,2003,17,84.796,8,2020,2,107680.0
삼성래미안2,80.0,2020-03-17,84000,2003,17,84.796,3,2020,3,107833.33333333333
삼성래미안2,80.0,2020-06-15,81500,2003,17,84.796,1,2020,6,108656.25
삼성래미안2,80.0,2020-06-19,84300,2003,17,84.796,2,2020,6,108656.25
삼성래미안2,80.0,2020-06-20,89500,2003,17,84.796,8,2020,6,108656.25
삼성래미안2,80.0,2020-06-26,83000,2003,17,84.796,6,2020,6,108656.25
삼성래미안2,80.0,2020-06-29,84900,2003,17,84.796,3,2020,6,108656.25
삼성래미안2,80.0,2020-06-29,84900,2003,17,84.796,3,2020,6,108656.25
삼성래미안2,80.0,2020-07-02,96000,2003,17,84.796,5,2020,7,108656.25
삼성래미안2,80.0,2020-08-17,94000,2003,17,84.796,6,2020,8,108766.66666666667
삼성래미안2,80.0,2020-09-04,100000,2003,17,84.796,4,2020,9,108766.66666666667
삼성래미안2,80.0,2020-10-17,92500,2003,17,84.796,1,2020,10,110636.36363636363
삼성래미안2,80.0,2021-02-19,112000,2003,18,84.796,10,2021,2,111333.33333333333
삼성래미안2,80.0,2021-02-20,108300,2003,18,84.796,9,2021,2,111333.33333333333
삼성래미안2,110.0,2020-11-13,109000,2003,17,114.738,5,2020,11,125666.66666666667
삼성래미안2,110.0,2021-03-26,143000,2003,18,114.738,5,2021,3,125000.0
삼익,80.0,2021-01-02,67000,1997,24,84.96,8,2021,1,86000.0
삼환나우빌(520-0),80.0,2020-02-08,83500,2007,13,84.87,9,2020,2,96500.0
삼환나우빌(520-0),80.0,2020-07-27,85800,2007,13,84.87,1,2020,7,103250.0
삼환나우빌(520-0),80.0,2020-10-16,100000,2007,13,84.87,10,2020,10,103250.0
삼환나우빌(520-0),80.0,2021-01-06,100000,2007,14,84.87,10,2021,1,110000.0
상도1차갑을명가,80.0,2020-07-23,66500,2006,14,84.95,6,2020,7,69825.0
상도1차갑을명가,80.0,2020-12-09,61700,2006,14,83.84,11,2020,12,70166.66666666667
상도1차갑을명가,80.0,2020-12-26,68400,2006,14,84.95,10,2020,12,70166.66666666667
상도1차갑을명가,80.0,2021-02-08,65800,2006,15,84.95,12,2021,2,70166.66666666667
상도1차갑을명가,80.0,2021-03-27,69000,2006,15,84.38,8,2021,3,73000.0
상도2차갑을명가,60.0,2020-06-17,48000,2006,14,63.73,6,2020,6,64000.0
상도2차갑을명가,80.0,2020-02-10,60000,2006,14,84.33,4,2020,2,73625.0
상도2차갑을명가,80.0,2020-06-03,64000,2006,14,84.33,7,2020,6,73500.0
상도2차갑을명가,80.0,2020-06-26,62500,2006,14,84.33,9,2020,6,73500.0
상도2차갑을명가,80.0,2020-07-04,64800,2006,14,84.33,3,2020,7,73500.0
상도2차갑을명가,80.0,2020-08-10,66700,2006,14,84.33,9,2020,8,73500.0
상도2차갑을명가,80.0,2021-01-31,65000,2006,15,84.33,7,2021,1,72000.0
상도2차갑을명가,80.0,2021-02-10,63000,2006,15,84.33,1,2021,2,72000.0
상도2차갑을명가,80.0,2021-02-23,70000,2006,15,84.33,5,2021,2,72000.0
상도더샵2차,75.0,2020-06-17,108000,2014,6,79.39,11,2020,6,138000.0
상도더샵2차,75.0,2020-06-26,105000,2014,6,75.67,10,2020,6,138000.0
상도더샵2차,75.0,2020-06-26,105000,2014,6,75.67,10,2020,6,138000.0
상도더샵2차,80.0,2020-02-03,95000,2014,6,84.99,1,2020,2,128833.33333333333
상도더샵2차,80.0,2020-02-08,99000,2014,6,84.99,6,2020,2,128833.33333333333
상도더샵2차,80.0,2020-06-14,107000,2014,6,84.99,5,2020,6,133555.55555555556
상도더샵2차,80.0,2020-07-11,108000,2014,6,84.98,4,2020,7,136466.66666666666
상도더샵2차,80.0,2020-07-11,109500,2014,6,84.97,7,2020,7,136466.66666666666
상도더샵2차,80.0,2020-07-18,109000,2014,6,84.99,7,2020,7,136466.66666666666
상도더샵2차,80.0,2020-10-22,116800,2014,6,84.82,11,2020,10,137958.33333333334
상도더샵2차,80.0,2020-12-19,125500,2014,6,84.97,11,2020,12,139222.22222222222
상도더샵2차,80.0,2020-12-26,131000,2014,6,84.98,8,2020,12,142583.33333333334
상도더샵2차,80.0,2021-02-08,118500,2014,7,84.99,1,2021,2,153500.0
상도더샵2차,80.0,2021-02-10,130000,2014,7,84.98,3,2021,2,153500.0
상도더샵2차,80.0,2021-03-20,125000,2014,7,84.99,9,2021,3,151750.0
상도동래미안1차,55.0,2020-01-10,79000,2004,16,59.828,9,2020,1,103400.0
상도동래미안1차,55.0,2020-06-23,85000,2004,16,59.828,10,2020,6,108875.0
상도동래미안1차,55.0,2020-06-25,86000,2004,16,59.828,7,2020,6,108875.0
상도동래미안1차,55.0,2020-08-27,90000,2004,16,59.828,18,2020,8,108875.0
상도동래미안1차,55.0,2020-09-26,90000,2004,16,59.828,8,2020,9,108875.0
상도동래미안1차,55.0,2021-01-19,98000,2004,17,59.828,8,2021,1,110000.0
상도동래미안1차,80.0,2020-01-09,91500,2004,16,84.959,9,2020,1,114555.55555555556
상도동래미안1차,80.0,2020-01-12,94000,2004,16,84.959,11,2020,1,116187.5
상도동래미안1차,80.0,2020-02-06,91000,2004,16,84.959,12,2020,2,117285.71428571429
상도동래미안1차,80.0,2020-02-20,89900,2004,16,84.959,4,2020,2,117285.71428571429
상도동래미안1차,80.0,2020-03-06,93000,2004,16,84.959,10,2020,3,117285.71428571429
상도동래미안1차,80.0,2020-04-23,90000,2004,16,84.959,18,2020,4,122000.0
상도동래미안1차,80.0,2020-06-06,90000,2004,16,84.959,12,2020,6,125888.88888888889
상도동래미안1차,80.0,2020-06-16,96700,2004,16,84.959,17,2020,6,125888.88888888889
상도동래미안1차,80.0,2020-07-01,97500,2004,16,84.959,18,2020,7,125888.88888888889
상도동래미안1차,80.0,2020-07-30,95000,2004,16,84.959,2,2020,7,126937.5
상도동래미안1차,80.0,2020-09-01,104500,2004,16,84.959,5,2020,9,126937.5
상도동래미안1차,80.0,2020-09-04,98000,2004,16,84.959,4,2020,9,126937.5
상도동래미안1차,80.0,2020-11-21,107000,2004,16,84.959,5,2020,11,133800.0
상도동래미안1차,80.0,2021-03-18,116000,2004,17,84.959,5,2021,3,140333.33333333334
상도동래미안1차,80.0,2021-05-01,115000,2004,17,84.959,19,2021,5,144000.0
상도동래미안1차,110.0,2020-06-08,105000,2004,16,114.171,14,2020,6,136750.0
상도동래미안1차,110.0,2020-11-24,125500,2004,16,114.171,10,2020,11,134000.0
상도동삼호아파트,80.0,2020-01-20,69300,1994,26,84.52,7,2020,1,84152.94117647059
상도동삼호아파트,80.0,2020-02-04,65500,1994,26,84.52,7,2020,2,84225.0
상도동삼호아파트,80.0,2020-02-17,62300,1994,26,84.52,2,2020,2,84225.0
상도동삼호아파트,80.0,2020-02-20,70000,1994,26,84.52,2,2020,2,84225.0
상도동삼호아파트,80.0,2020-02-27,70000,1994,26,84.52,12,2020,2,84966.66666666667
상도동삼호아파트,80.0,2020-03-09,70500,1994,26,84.52,3,2020,3,85093.75
상도동삼호아파트,80.0,2020-05-30,70500,1994,26,84.52,6,2020,5,87527.77777777778
상도동삼호아파트,80.0,2020-06-04,70000,1994,26,83.89,7,2020,6,87527.77777777778
상도동삼호아파트,80.0,2020-06-08,67000,1994,26,84.52,4,2020,6,87527.77777777778
상도동삼호아파트,80.0,2020-06-14,71900,1994,26,84.52,12,2020,6,87527.77777777778
상도동삼호아파트,80.0,2020-06-15,72500,1994,26,84.52,11,2020,6,87527.77777777778
상도동삼호아파트,80.0,2020-06-29,74200,1994,26,84.52,3,2020,6,87705.88235294117
상도동삼호아파트,80.0,2020-07-03,70000,1994,26,84.52,8,2020,7,87705.88235294117
상도동삼호아파트,80.0,2020-07-10,76800,1994,26,84.52,6,2020,7,87705.88235294117
상도동삼호아파트,80.0,2020-07-19,71700,1994,26,84.52,1,2020,7,87705.88235294117
상도동삼호아파트,80.0,2020-12-12,87500,1994,26,84.52,11,2020,12,90555.55555555556
상도동삼호아파트,80.0,2020-12-20,84500,1994,26,84.52,11,2020,12,91062.5
상도동삼호아파트,80.0,2021-01-09,89000,1994,27,84.52,15,2021,1,91062.5
상도동삼호아파트,80.0,2021-03-15,98000,1994,27,84.52,15,2021,3,94875.0
상도동삼호아파트,110.0,2020-01-01,75500,1994,26,114.63,15,2020,1,89730.0
상도동삼호아파트,110.0,2020-02-05,80000,1994,26,114.63,11,2020,2,89537.5
상도동삼호아파트,110.0,2020-02-17,72700,1994,26,114.63,3,2020,2,97050.0
상도동삼호아파트,110.0,2020-06-03,79200,1994,26,114.63,13,2020,6,99954.54545454546
상도동삼호아파트,110.0,2020-06-12,80000,1994,26,114.63,7,2020,6,99954.54545454546
상도동삼호아파트,110.0,2020-06-24,85000,1994,26,114.63,14,2020,6,99954.54545454546
상도동삼호아파트,110.0,2020-09-12,89500,1994,26,114.63,15,2020,9,99954.54545454546
상도동삼호아파트,110.0,2020-10-05,86000,1994,26,114.63,6,2020,10,99954.54545454546
상도두산위브,80.0,2020-05-16,102000,2010,10,84.911,2,2020,5,132025.0
상도두산위브,80.0,2020-06-03,98500,2010,10,84.99,1,2020,6,132025.0
상도두산위브,80.0,2020-06-12,104600,2010,10,84.534,4,2020,6,132025.0
상도두산위브,80.0,2020-06-27,109500,2010,10,84.534,14,2020,6,132025.0
상도두산위브,80.0,2020-06-28,109900,2010,10,84.909,8,2020,6,132025.0
상도두산위브,80.0,2020-07-07,107000,2010,10,84.99,2,2020,7,132025.0
상도두산위브,80.0,2020-08-07,120000,2010,10,84.99,6,2020,8,132025.0
상도두산위브,80.0,2020-09-05,116000,2010,10,84.911,4,2020,9,134028.57142857142
상도두산위브,80.0,2020-10-24,122000,2010,10,84.534,13,2020,10,134840.0
상도두산위브,80.0,2020-11-15,122500,2010,10,84.99,7,2020,11,135675.0
상도두산위브,80.0,2020-12-05,126000,2010,10,84.99,8,2020,12,137233.33333333334
상도두산위브,80.0,2020-12-19,129500,2010,10,84.909,6,2020,12,139700.0
상도두산위브,115.0,2021-01-18,145000,2010,11,118.396,13,2021,1,183000.0
상도역롯데캐슬파크엘,55.0,2021-02-20,85027,2021,0,59.9818,12,2021,2,153714.2857142857
상도타워B동,80.0,2020-08-11,34850,2005,15,81.06,2,2020,8,35700.0
상도파크자이,70.0,2020-06-17,127000,2016,4,72.088,7,2020,6,165564.2857142857
상도파크자이,70.0,2020-07-18,131000,2016,4,72.328,11,2020,7,167183.33333333334
상도파크자이,70.0,2020-07-21,134000,2016,4,72.678,19,2020,7,167183.33333333334
상도파크자이,70.0,2020-09-24,134000,2016,4,71.252,12,2020,9,170411.11111111112
상도파크자이,70.0,2020-12-10,133000,2016,4,71.252,2,2020,12,181000.0
상도파크자이,70.0,2021-02-20,148500,2016,5,71.252,5,2021,2,190000.0
상도파크자이,80.0,2020-07-01,144500,2016,4,84.918,7,2020,7,182675.0
상도파크자이,80.0,2020-07-10,146500,2016,4,84.918,19,2020,7,182675.0
상도파크자이,80.0,2020-07-18,143000,2016,4,84.888,4,2020,7,182675.0
상도파크자이,80.0,2020-07-22,149500,2016,4,84.918,20,2020,7,183453.33333333334
상도파크자이,80.0,2020-07-23,148000,2016,4,84.888,7,2020,7,183453.33333333334
상도파크자이,80.0,2020-09-25,144500,2016,4,84.918,7,2020,9,187072.72727272726
상도파크자이,80.0,2020-10-12,149500,2016,4,84.918,21,2020,10,187072.72727272726
상도파크자이,80.0,2020-10-12,149500,2016,4,84.918,21,2020,10,187072.72727272726
상도파크자이,80.0,2020-11-30,145000,2016,4,84.918,15,2020,11,189533.33333333334
상도파크자이,80.0,2021-02-17,160000,2016,5,84.918,5,2021,2,197266.66666666666
상도팰리스,80.0,2020-02-10,68000,2006,14,84.86,1,2020,2,84000.0
상도팰리스,80.0,2020-02-15,69500,2006,14,84.86,2,2020,2,84000.0
상도팰리스,80.0,2020-11-13,83000,2006,14,84.86,2,2020,11,84000.0
상도현대,55.0,2020-01-21,57300,2003,17,59.72,13,2020,1,69242.85714285714
상도현대,55.0,2020-06-13,61800,2003,17,59.72,13,2020,6,71471.42857142857
상도현대,55.0,2020-06-15,60850,2003,17,59.72,9,2020,6,71471.42857142857
상도현대,55.0,2020-06-23,59000,2003,17,59.72,1,2020,6,71471.42857142857
상도현대,55.0,2020-06-26,63800,2003,17,59.72,11,2020,6,71471.42857142857
상도현대,55.0,2020-06-26,63000,2003,17,59.72,10,2020,6,71471.42857142857
상도현대,55.0,2020-06-30,60000,2003,17,59.72,2,2020,6,71471.42857142857
상도현대,55.0,2020-07-04,63000,2003,17,59.72,10,2020,7,71471.42857142857
상도현대,55.0,2020-07-28,66300,2003,17,59.72,9,2020,7,71471.42857142857
상도현대,55.0,2020-08-14,64000,2003,17,59.72,3,2020,8,71471.42857142857
상도현대,55.0,2020-08-14,64000,2003,17,59.72,3,2020,8,71471.42857142857
상도현대,55.0,2020-08-26,69000,2003,17,59.72,13,2020,8,71471.42857142857
상도현대,55.0,2021-04-17,77000,2003,18,59.72,12,2021,4,69300.0
상도현대,80.0,2020-01-16,59500,2003,17,84.97,1,2020,1,83000.0
상도현대,80.0,2020-02-12,68000,2003,17,84.97,5,2020,2,83000.0
상도현대,80.0,2020-05-09,71000,2003,17,84.97,9,2020,5,83000.0
상도현대,80.0,2020-06-12,70000,2003,17,84.97,8,2020,6,83000.0
상도현대,80.0,2020-07-04,71500,2003,17,84.87,6,2020,7,83000.0
상도현대,80.0,2020-07-14,73000,2003,17,84.97,2,2020,7,83000.0
상도현대,80.0,2020-07-28,74300,2003,17,84.97,4,2020,7,83000.0
상도현대,80.0,2020-10-09,76000,2003,17,84.97,12,2020,10,83000.0
상도효성해링턴플레이스,55.0,2021-02-03,64000,2016,5,59.9769,18,2021,2,121333.33333333333
상도효성해링턴플레이스,80.0,2020-01-16,105500,2016,4,84.8136,13,2020,1,126821.42857142857
상도효성해링턴플레이스,80.0,2020-02-14,106000,2016,4,84.9506,19,2020,2,128607.14285714286
상도효성해링턴플레이스,80.0,2020-02-15,104000,2016,4,84.8136,10,2020,2,128607.14285714286
상도효성해링턴플레이스,80.0,2020-03-07,106000,2016,4,84.9506,16,2020,3,128346.15384615384
상도효성해링턴플레이스,80.0,2020-06-24,110000,2016,4,84.9506,21,2020,6,133346.15384615384
상도효성해링턴플레이스,80.0,2020-07-09,110000,2016,4,84.9506,7,2020,7,133346.15384615384
상도효성해링턴플레이스,80.0,2020-07-09,110000,2016,4,84.9506,7,2020,7,133346.15384615384
상도효성해링턴플레이스,80.0,2020-07-23,108000,2016,4,84.9116,8,2020,7,133875.0
상도효성해링턴플레이스,80.0,2020-07-25,105000,2016,4,84.9116,2,2020,7,133875.0
상도효성해링턴플레이스,80.0,2021-01-23,124500,2016,5,84.8136,13,2021,1,142000.0
상도효성해링턴플레이스,80.0,2021-01-23,119000,2016,5,84.9506,4,2021,1,142000.0
상도효성해링턴플레이스,80.0,2021-01-30,125000,2016,5,84.9116,14,2021,1,143125.0
상도휴엔하임,10.0,2020-02-08,16400,2016,4,14.7,4,2020,2,14194.444444444445
상도휴엔하임,10.0,2020-02-12,16800,2016,4,14.7,13,2020,2,14178.947368421053
상도휴엔하임,10.0,2020-03-06,16000,2016,4,14.7,6,2020,3,14190.90909090909
상도휴엔하임,10.0,2020-03-06,16000,2016,4,14.7,6,2020,3,14190.90909090909
상도휴엔하임,10.0,2020-03-17,16100,2016,4,14.7,8,2020,3,14190.47619047619
상도휴엔하임,10.0,2020-05-07,16900,2016,4,14.7,11,2020,5,14190.47619047619
상도휴엔하임,10.0,2020-05-18,16300,2016,4,14.7,9,2020,5,14175.0
상도휴엔하임,10.0,2020-05-26,15400,2016,4,14.7,4,2020,5,14175.0
상도휴엔하임,10.0,2020-06-10,16450,2016,4,14.7,8,2020,6,14175.0
상도휴엔하임,10.0,2020-06-15,16400,2016,4,14.7,13,2020,6,14200.0
상도휴엔하임,10.0,2020-06-19,16100,2016,4,14.7,5,2020,6,14200.0
상도휴엔하임,10.0,2020-08-19,15700,2016,4,14.7,6,2020,8,14196.42857142857
상도휴엔하임,10.0,2020-08-25,16300,2016,4,14.7,11,2020,8,14196.42857142857
상도휴엔하임,10.0,2020-09-21,15500,2016,4,14.7,7,2020,9,14196.42857142857
상도휴엔하임,10.0,2020-12-31,15700,2016,4,14.7,8,2020,12,14187.5
상도휴엔하임,10.0,2021-02-10,16000,2016,5,14.7,12,2021,2,14175.0
상도휴엔하임,15.0,2020-10-30,20000,2016,4,16.84,15,2020,10,21000.0
쌍용스윗닷홈,55.0,2020-05-04,50500,2003,17,59.578,5,2020,5,96650.0
쌍용스윗닷홈,55.0,2020-05-21,70000,2003,17,59.578,2,2020,5,96650.0
쌍용스윗닷홈,55.0,2020-07-15,81000,2003,17,59.578,13,2020,7,98250.0
쌍용스윗닷홈,55.0,2020-12-29,90000,2003,17,59.578,5,2020,12,108250.0
쌍용스윗닷홈,55.0,2021-02-05,94500,2003,18,59.578,11,2021,2,108250.0
쌍용스윗닷홈,55.0,2021-02-24,93500,2003,18,59.578,15,2021,2,108250.0
쌍용스윗닷홈,55.0,2021-03-18,65000,2003,18,59.578,9,2021,3,110000.0
쌍용스윗닷홈,55.0,2021-03-30,95000,2003,18,59.578,4,2021,3,110000.0
쌍용스윗닷홈,80.0,2020-01-09,84000,2003,17,84.954,9,2020,1,108554.54545454546
쌍용스윗닷홈,80.0,2020-01-29,84200,2003,17,84.954,5,2020,1,108455.55555555556
쌍용스윗닷홈,80.0,2020-06-09,80000,2003,17,84.954,14,2020,6,111645.45454545454
쌍용스윗닷홈,80.0,2020-06-25,86500,2003,17,84.954,5,2020,6,111645.45454545454
쌍용스윗닷홈,80.0,2020-07-18,90000,2003,17,84.954,2,2020,7,111645.45454545454
쌍용스윗닷홈,80.0,2020-08-29,95000,2003,17,84.954,13,2020,8,111645.45454545454
쌍용스윗닷홈,80.0,2020-10-24,102000,2003,17,84.954,10,2020,10,113122.22222222222
쌍용스윗닷홈,80.0,2020-11-27,100000,2003,17,84.954,2,2020,11,114075.0
쌍용스윗닷홈,80.0,2020-11-30,96900,2003,17,84.954,1,2020,11,114075.0
쌍용스윗닷홈,80.0,2021-02-06,106000,2003,18,84.954,5,2021,2,117000.0
쌍용스윗닷홈,110.0,2020-06-16,93000,2003,17,112.756,8,2020,6,125000.0
쌍용스윗닷홈,110.0,2020-08-20,112000,2003,17,112.756,11,2020,8,125000.0
쌍용스윗닷홈,110.0,2020-08-20,112000,2003,17,112.756,11,2020,8,125000.0
쌍용스윗닷홈,110.0,2020-10-13,112000,2003,17,112.756,11,2020,10,125000.0
쌍용스윗닷홈,110.0,2020-10-28,109500,2003,17,112.756,5,2020,10,125000.0
쌍용스윗닷홈,110.0,2020-11-14,104000,2003,17,112.756,5,2020,11,125000.0
쌍용스윗닷홈,110.0,2020-11-24,103000,2003,17,112.756,1,2020,11,125000.0
씨티아모리움,10.0,2020-03-07,16000,2012,8,14.1881,3,2020,3,13025.0
씨티아모리움,10.0,2020-03-10,14600,2012,8,14.1881,7,2020,3,13025.0
씨티아모리움,10.0,2020-06-12,16000,2012,8,14.1881,2,2020,6,12860.0
씨티아모리움,10.0,2020-11-13,13500,2012,8,12.7071,3,2020,11,12950.0
아이파크,80.0,2020-02-15,86500,2004,16,84.96,5,2020,2,115191.30434782608
아이파크,80.0,2020-02-29,89400,2004,16,84.96,7,2020,2,115518.18181818182
아이파크,80.0,2020-03-07,85000,2004,16,84.96,2,2020,3,115518.18181818182
아이파크,80.0,2020-03-21,86000,2004,16,84.96,2,2020,3,117058.33333333333
아이파크,80.0,2020-05-21,90000,2004,16,84.96,5,2020,5,121127.58620689655
아이파크,80.0,2020-06-09,92500,2004,16,84.96,3,2020,6,121127.58620689655
아이파크,80.0,2020-06-17,90000,2004,16,84.96,5,2020,6,121127.58620689655
아이파크,80.0,2020-06-22,93700,2004,16,84.96,15,2020,6,121127.58620689655
아이파크,80.0,2020-06-23,94500,2004,16,84.96,4,2020,6,121127.58620689655
아이파크,80.0,2020-06-27,95000,2004,16,84.96,10,2020,6,121127.58620689655
아이파크,80.0,2020-07-14,106000,2004,16,84.96,17,2020,7,121127.58620689655
아이파크,80.0,2020-09-19,109500,2004,16,84.96,5,2020,9,124257.14285714286
아이파크,80.0,2020-09-20,101000,2004,16,84.96,3,2020,9,124257.14285714286
아이파크,80.0,2020-12-05,113000,2004,16,84.96,14,2020,12,126547.05882352941
아이파크,80.0,2021-01-11,116800,2004,17,84.96,8,2021,1,133644.44444444444
아이파크,80.0,2021-01-16,113500,2004,17,84.96,9,2021,1,133644.44444444444
아이파크,80.0,2021-04-09,118000,2004,17,84.96,12,2021,4,140166.66666666666
아이파크,110.0,2020-01-18,97000,2004,16,114.83,9,2020,1,126250.0
아이파크,110.0,2020-05-22,107000,2004,16,114.83,13,2020,5,139937.5
아이파크,110.0,2020-06-27,102500,2004,16,114.83,10,2020,6,139937.5
아이파크,110.0,2020-06-30,106000,2004,16,114.83,20,2020,6,139937.5
아이파크,110.0,2020-07-07,100000,2004,16,114.83,13,2020,7,139937.5
약수맨션,105.0,2020-11-14,80000,1980,40,108.63,6,2020,11,115000.0
약수맨션,130.0,2020-03-18,82500,1980,40,131.47,10,2020,3,98000.0
이수브라운스톤상도(527-0),55.0,2020-02-25,94000,2007,13,59.94,11,2020,2,116766.66666666667
이수브라운스톤상도(527-0),55.0,2020-02-25,94000,2007,13,59.94,11,2020,2,116766.66666666667
이수브라운스톤상도(527-0),55.0,2020-06-20,96000,2007,13,59.94,14,2020,6,124158.33333333333
이수브라운스톤상도(527-0),55.0,2020-07-07,93000,2007,13,59.94,1,2020,7,124158.33333333333
이수브라운스톤상도(527-0),55.0,2020-07-07,94500,2007,13,59.94,4,2020,7,124158.33333333333
이수브라운스톤상도(527-0),55.0,2020-07-22,95000,2007,13,59.94,1,2020,7,124158.33333333333
이수브라운스톤상도(527-0),55.0,2020-11-14,106000,2007,13,59.94,13,2020,11,126488.88888888889
이수브라운스톤상도(527-0),55.0,2020-11-26,104500,2007,13,59.94,4,2020,11,142250.0
이수브라운스톤상도(527-0),55.0,2020-12-04,105000,2007,13,59.94,12,2020,12,142250.0
이수브라운스톤상도(527-0),55.0,2020-12-16,105800,2007,13,59.91,6,2020,12,142250.0
이수브라운스톤상도(527-0),55.0,2020-12-30,108800,2007,13,59.91,6,2020,12,146333.33333333334
이수브라운스톤상도(527-0),55.0,2021-01-05,106000,2007,14,59.91,6,2021,1,146333.33333333334
이수브라운스톤상도(527-0),80.0,2020-01-11,105000,2007,13,84.99,10,2020,1,129018.0
이수브라운스톤상도(527-0),80.0,2020-01-28,107000,2007,13,84.99,6,2020,1,131818.0
이수브라운스톤상도(527-0),80.0,2020-02-26,98000,2007,13,84.91,1,2020,2,132594.23076923078
이수브라운스톤상도(527-0),80.0,2020-02-26,107000,2007,13,84.99,14,2020,2,132594.23076923078
이수브라운스톤상도(527-0),80.0,2020-02-29,104500,2007,13,84.91,5,2020,2,132594.23076923078
이수브라운스톤상도(527-0),80.0,2020-02-29,104500,2007,13,84.91,5,2020,2,132594.23076923078
이수브라운스톤상도(527-0),80.0,2020-03-06,105000,2007,13,84.99,10,2020,3,132594.23076923078
이수브라운스톤상도(527-0),80.0,2020-07-06,109000,2007,13,84.99,10,2020,7,137721.42857142858
이수브라운스톤상도(527-0),80.0,2020-07-06,112500,2007,13,84.99,6,2020,7,137721.42857142858
이수브라운스톤상도(527-0),80.0,2020-07-06,107500,2007,13,84.91,5,2020,7,137721.42857142858
이수브라운스톤상도(527-0),80.0,2020-07-06,112500,2007,13,84.99,6,2020,7,137721.42857142858
이수브라운스톤상도(527-0),80.0,2020-07-20,109000,2007,13,84.99,8,2020,7,137721.42857142858
이수브라운스톤상도(527-0),80.0,2020-07-23,111500,2007,13,84.99,6,2020,7,137721.42857142858
이수브라운스톤상도(527-0),80.0,2020-07-28,109000,2007,13,84.99,15,2020,7,138081.4814814815
이수브라운스톤상도(527-0),80.0,2020-08-12,109000,2007,13,84.84,2,2020,8,138928.0
이수브라운스톤상도(527-0),80.0,2020-10-09,114500,2007,13,84.99,5,2020,10,142966.66666666666
이수브라운스톤상도(527-0),80.0,2020-10-13,114382,2007,13,84.84,13,2020,10,143347.0588235294
이수브라운스톤상도(527-0),80.0,2020-10-17,117000,2007,13,84.99,9,2020,10,143347.0588235294
이수브라운스톤상도(527-0),80.0,2020-11-01,121000,2007,13,84.84,10,2020,11,143347.0588235294
이수브라운스톤상도(527-0),80.0,2020-11-28,115000,2007,13,84.91,5,2020,11,146953.84615384616
이수브라운스톤상도(527-0),80.0,2020-12-14,120000,2007,13,84.99,15,2020,12,150200.0
이수브라운스톤상도(527-0),80.0,2021-03-11,126000,2007,14,84.99,4,2021,3,153100.0
이수브라운스톤상도(527-0),80.0,2021-03-20,125800,2007,14,84.99,13,2021,3,152625.0
종인아네스트(409-3),55.0,2020-03-21,38000,2010,10,58.76,3,2020,3,62500.0
종인아네스트(409-3),55.0,2020-03-24,26000,2010,10,58.76,10,2020,3,62500.0
종인아네스트(409-3),55.0,2020-05-19,38300,2010,10,58.76,2,2020,5,62500.0
종인아네스트(409-3),55.0,2021-02-22,52000,2010,11,58.76,8,2021,2,62500.0
중앙하이츠빌,55.0,2020-02-01,78000,2003,17,59.9388,4,2020,2,95000.0
중앙하이츠빌,55.0,2020-05-23,80500,2003,17,59.9388,9,2020,5,97100.0
중앙하이츠빌,55.0,2020-06-15,83500,2003,17,59.9388,14,2020,6,97100.0
중앙하이츠빌,55.0,2020-07-24,85000,2003,17,59.9388,13,2020,7,97100.0
중앙하이츠빌,55.0,2020-10-17,90000,2003,17,59.9388,6,2020,10,98150.0
중앙하이츠빌,55.0,2021-01-13,92000,2003,18,59.9388,8,2021,1,101300.0
중앙하이츠빌,55.0,2021-01-24,95000,2003,18,59.9388,1,2021,1,101300.0
중앙하이츠빌,80.0,2020-01-03,88500,2003,17,84.9883,8,2020,1,110088.33333333333
중앙하이츠빌,80.0,2020-01-13,87000,2003,17,84.9883,4,2020,1,110263.79310344828
중앙하이츠빌,80.0,2020-01-13,85000,2003,17,84.9883,9,2020,1,110263.79310344828
중앙하이츠빌,80.0,2020-01-13,82000,2003,17,84.9794,2,2020,1,110263.79310344828
중앙하이츠빌,80.0,2020-01-18,85000,2003,17,84.9883,1,2020,1,110263.79310344828
중앙하이츠빌,80.0,2020-02-04,90000,2003,17,84.9883,7,2020,2,110411.66666666667
중앙하이츠빌,80.0,2020-02-15,92000,2003,17,84.9883,15,2020,2,110411.66666666667
중앙하이츠빌,80.0,2020-02-22,88000,2003,17,84.9883,16,2020,2,110411.66666666667
중앙하이츠빌,80.0,2020-02-25,88900,2003,17,84.9883,2,2020,2,110478.33333333333
중앙하이츠빌,80.0,2020-02-27,86800,2003,17,84.9883,3,2020,2,110478.33333333333
중앙하이츠빌,80.0,2020-05-08,85850,2003,17,84.9883,1,2020,5,114985.13513513513
중앙하이츠빌,80.0,2020-05-30,91500,2003,17,84.9883,14,2020,5,115081.94444444444
중앙하이츠빌,80.0,2020-06-06,85000,2003,17,84.9883,21,2020,6,115081.94444444444
중앙하이츠빌,80.0,2020-06-08,94000,2003,17,84.9883,13,2020,6,115081.94444444444
중앙하이츠빌,80.0,2020-06-13,95000,2003,17,84.9883,21,2020,6,115081.94444444444
중앙하이츠빌,80.0,2020-07-04,94250,2003,17,84.9883,7,2020,7,115081.94444444444
중앙하이츠빌,80.0,2020-07-04,98000,2003,17,84.9883,13,2020,7,115081.94444444444
중앙하이츠빌,80.0,2020-07-22,99500,2003,17,84.9883,23,2020,7,115081.94444444444
중앙하이츠빌,80.0,2020-09-19,99300,2003,17,84.9883,7,2020,9,116915.0
중앙하이츠빌,80.0,2020-12-19,104500,2003,17,84.9883,18,2020,12,123606.66666666667
중앙하이츠빌,80.0,2021-01-09,110000,2003,18,84.9883,12,2021,1,124300.0
중앙하이츠빌,80.0,2021-01-11,108500,2003,18,84.9883,12,2021,1,124300.0
중앙하이츠빌,80.0,2021-01-14,109500,2003,18,84.9883,10,2021,1,124300.0
중앙하이츠빌,80.0,2021-01-18,109800,2003,18,84.9883,7,2021,1,124300.0
중앙하이츠빌,80.0,2021-01-21,112000,2003,18,84.9883,5,2021,1,124300.0
중앙하이츠빌,80.0,2021-01-23,109000,2003,18,84.9883,17,2021,1,124300.0
중앙하이츠빌,80.0,2021-01-25,113000,2003,18,84.9883,9,2021,1,124300.0
중앙하이츠빌,80.0,2021-02-25,102800,2003,18,84.9794,15,2021,2,125172.72727272728
중앙하이츠빌,80.0,2021-03-17,110000,2003,18,84.9883,14,2021,3,127100.0
중앙하이츠빌,80.0,2021-03-28,104000,2003,18,84.9883,1,2021,3,129166.66666666667
중앙하이츠빌,120.0,2020-06-12,108500,2003,17,123.6025,6,2020,6,127200.0
중앙하이츠빌,120.0,2020-07-10,100000,2003,17,123.6025,2,2020,7,127200.0
중앙하이츠빌,120.0,2020-08-18,115000,2003,17,123.6025,10,2020,8,127200.0
중앙하이츠빌,120.0,2020-08-22,120500,2003,17,123.6025,7,2020,8,127200.0
중앙하이츠빌,120.0,2020-10-27,121500,2003,17,123.6025,23,2020,10,130933.33333333333
중앙하이츠빌,120.0,2020-11-14,118000,2003,17,123.6025,14,2020,11,130933.33333333333
중앙하이츠빌,120.0,2021-01-27,134000,2003,18,123.6025,11,2021,1,140000.0
중앙하이츠빌,120.0,2021-03-05,117000,2003,18,123.6025,10,2021,3,140000.0
포스코더샵,55.0,2020-01-18,93000,2007,13,59.995,13,2020,1,121806.81818181818
포스코더샵,55.0,2020-02-13,94000,2007,13,59.995,6,2020,2,123526.82926829268
포스코더샵,55.0,2020-02-22,86000,2007,13,59.99,1,2020,2,123919.04761904762
포스코더샵,55.0,2020-02-29,96700,2007,13,59.99,10,2020,2,123919.04761904762
포스코더샵,55.0,2020-02-29,96500,2007,13,59.99,6,2020,2,123919.04761904762
포스코더샵,55.0,2020-03-12,95500,2007,13,59.99,6,2020,3,123919.04761904762
포스코더샵,55.0,2020-06-04,93000,2007,13,59.99,3,2020,6,127204.76190476191
포스코더샵,55.0,2020-06-05,89990,2007,13,59.99,2,2020,6,127204.76190476191
포스코더샵,55.0,2020-06-06,95700,2007,13,59.995,12,2020,6,127204.76190476191
포스코더샵,55.0,2020-06-15,95000,2007,13,59.99,3,2020,6,127677.5
포스코더샵,55.0,2020-06-23,97500,2007,13,59.99,15,2020,6,128134.21052631579
포스코더샵,55.0,2020-06-24,97000,2007,13,59.99,12,2020,6,128134.21052631579
포스코더샵,55.0,2020-06-27,97000,2007,13,59.99,5,2020,6,128610.81081081081
포스코더샵,55.0,2020-06-29,96150,2007,13,59.99,5,2020,6,128822.22222222222
포스코더샵,55.0,2020-07-01,97500,2007,13,59.995,10,2020,7,129117.14285714286
포스코더샵,55.0,2020-07-04,99500,2007,13,59.995,6,2020,7,129117.14285714286
포스코더샵,55.0,2020-07-20,90000,2007,13,59.99,1,2020,7,129548.48484848485
포스코더샵,55.0,2020-08-01,104000,2007,13,59.99,2,2020,8,130221.875
포스코더샵,55.0,2020-08-30,90000,2007,13,59.99,1,2020,8,130986.20689655172
포스코더샵,55.0,2020-09-05,105000,2007,13,59.99,11,2020,9,131264.2857142857
포스코더샵,55.0,2020-09-05,105000,2007,13,59.99,11,2020,9,131264.2857142857
포스코더샵,55.0,2020-09-05,100000,2007,13,59.99,3,2020,9,131264.2857142857
포스코더샵,55.0,2020-09-08,107500,2007,13,59.995,6,2020,9,131264.2857142857
포스코더샵,55.0,2020-10-06,105500,2007,13,59.99,6,2020,10,133472.72727272726
포스코더샵,55.0,2020-10-17,83000,2007,13,59.99,1,2020,10,133472.72727272726
포스코더샵,55.0,2020-10-17,106000,2007,13,59.995,9,2020,10,133472.72727272726
포스코더샵,55.0,2020-11-12,107300,2007,13,59.99,4,2020,11,137300.0
포스코더샵,55.0,2020-11-14,100000,2007,13,59.99,13,2020,11,137300.0
포스코더샵,55.0,2020-11-17,109600,2007,13,59.96,10,2020,11,138618.75
포스코더샵,55.0,2020-11-19,101000,2007,13,59.99,2,2020,11,139193.33333333334
포스코더샵,55.0,2020-11-29,110000,2007,13,59.99,5,2020,11,139778.57142857142
포스코더샵,55.0,2020-12-04,107000,2007,13,59.99,12,2020,12,140683.33333333334
포스코더샵,55.0,2020-12-10,110000,2007,13,59.99,14,2020,12,140683.33333333334
포스코더샵,55.0,2020-12-19,109300,2007,13,59.99,3,2020,12,141109.0909090909
포스코더샵,55.0,2020-12-19,114000,2007,13,59.99,11,2020,12,141109.0909090909
포스코더샵,55.0,2020-12-22,113000,2007,13,59.96,5,2020,12,141570.0
포스코더샵,55.0,2021-02-19,124500,2007,14,59.96,9,2021,2,143666.66666666666
포스코더샵,55.0,2021-05-04,117700,2007,14,59.99,3,2021,5,149000.0
포스코더샵,80.0,2020-01-05,112500,2007,13,84.992,10,2020,1,139275.0
포스코더샵,80.0,2020-01-18,112500,2007,13,84.992,7,2020,1,139763.15789473685
포스코더샵,80.0,2020-02-09,112000,2007,13,84.995,7,2020,2,140305.55555555556
포스코더샵,80.0,2020-02-20,113000,2007,13,84.995,4,2020,2,140305.55555555556
포스코더샵,80.0,2020-02-22,112500,2007,13,84.995,8,2020,2,140305.55555555556
포스코더샵,80.0,2020-02-29,115000,2007,13,84.995,10,2020,2,141026.31578947368
포스코더샵,80.0,2020-05-20,107000,2007,13,84.992,2,2020,5,144900.0
포스코더샵,80.0,2020-06-02,107000,2007,13,84.995,3,2020,6,144900.0
포스코더샵,80.0,2020-06-02,107000,2007,13,84.995,3,2020,6,144900.0
포스코더샵,80.0,2020-06-14,112000,2007,13,84.995,5,2020,6,145500.0
포스코더샵,80.0,2020-06-24,114700,2007,13,84.995,8,2020,6,145500.0
포스코더샵,80.0,2020-07-05,120000,2007,13,84.995,10,2020,7,145500.0
포스코더샵,80.0,2020-07-18,122000,2007,13,84.995,11,2020,7,145500.0
포스코더샵,80.0,2020-07-22,123000,2007,13,84.995,6,2020,7,145500.0
포스코더샵,80.0,2020-07-23,121000,2007,13,84.995,6,2020,7,145500.0
포스코더샵,80.0,2020-08-26,125000,2007,13,84.992,8,2020,8,145972.22222222222
포스코더샵,80.0,2020-10-26,124000,2007,13,84.995,11,2020,10,154687.5
포스코더샵,80.0,2020-11-12,124500,2007,13,84.995,3,2020,11,154687.5
포스코더샵,80.0,2020-12-16,131800,2007,13,84.992,5,2020,12,164000.0
포스코더샵,80.0,2020-12-19,132500,2007,13,84.995,4,2020,12,164000.0
포스코더샵,80.0,2021-01-23,120000,2007,14,84.995,1,2021,1,164000.0
포스코더샵,80.0,2021-01-23,120000,2007,14,84.995,1,2021,1,164000.0
포스코더샵,100.0,2020-06-15,126000,2007,13,101.993,1,2020,6,151000.0
포스코더샵,100.0,2020-07-10,129500,2007,13,101.993,15,2020,7,164000.0
포스코더샵,100.0,2020-07-30,135500,2007,13,101.993,5,2020,7,164000.0
포스코더샵,100.0,2020-08-10,135000,2007,13,101.993,11,2020,8,164000.0
포스코더샵,100.0,2020-10-24,140000,2007,13,101.993,14,2020,10,164000.0
포스코더샵,100.0,2020-11-14,136500,2007,13,101.993,3,2020,11,164000.0
포스코더샵,130.0,2020-01-18,135000,2007,13,132.735,10,2020,1,156166.66666666666
포스코더샵,130.0,2020-02-01,128000,2007,13,132.735,4,2020,2,156136.36363636365
포스코더샵,130.0,2020-02-06,135800,2007,13,132.735,9,2020,2,156136.36363636365
포스코더샵,130.0,2020-06-04,126500,2007,13,132.735,9,2020,6,165250.0
포스코더샵,130.0,2020-06-16,139000,2007,13,132.735,12,2020,6,165250.0
포스코더샵,130.0,2020-06-29,138000,2007,13,132.735,14,2020,6,165250.0
포스코더샵,130.0,2020-09-26,149000,2007,13,132.735,10,2020,9,166636.36363636365
포스코더샵,130.0,2020-10-27,143500,2007,13,132.735,2,2020,10,168300.0
포스코더샵,130.0,2021-01-20,153800,2007,14,132.735,10,2021,1,181750.0
포스코더샵,130.0,2021-01-23,148000,2007,14,132.735,4,2021,1,181750.0
포스코더샵,150.0,2020-07-24,135000,2007,13,152.222,3,2020,7,172550.0
포스코더샵,150.0,2020-07-24,135000,2007,13,152.222,3,2020,7,172550.0
포스코더샵,150.0,2020-11-14,158500,2007,13,152.222,10,2020,11,174187.5
포스코더샵,150.0,2020-11-14,158500,2007,13,152.222,10,2020,11,174187.5
포스코더샵,150.0,2020-11-28,168000,2007,13,152.222,12,2020,11,174187.5
포스코더샵,150.0,2020-12-03,170000,2007,13,152.222,12,2020,12,174187.5
포스코더샵,150.0,2021-01-04,141000,2007,14,152.222,11,2021,1,177125.0
포스코더샵,160.0,2020-05-12,137000,2007,13,161.481,6,2020,5,181500.0
현대(관악),55.0,2020-04-18,60000,1992,28,58.59,10,2020,4,70125.0
현대(관악),55.0,2020-04-22,55900,1992,28,58.59,11,2020,4,71333.33333333333
현대(관악),55.0,2020-04-30,60500,1992,28,58.59,5,2020,4,71333.33333333333
현대(관악),55.0,2020-05-04,58000,1992,28,58.59,15,2020,5,71333.33333333333
현대(관악),55.0,2020-05-12,60000,1992,28,58.59,12,2020,5,71333.33333333333
현대(관악),55.0,2020-07-25,64500,1992,28,58.59,13,2020,7,71750.0
현대(관악),55.0,2020-10-31,67750,1992,28,58.59,11,2020,10,72071.42857142857
현대(관악),55.0,2020-12-02,67300,1992,28,58.59,15,2020,12,73200.0
현대(관악),55.0,2021-01-15,75600,1992,29,58.59,4,2021,1,74000.0
현대(관악),55.0,2021-02-02,77000,1992,29,58.59,14,2021,2,74000.0
현대(관악),55.0,2021-02-02,71900,1992,29,58.59,1,2021,2,74000.0
현대(관악),80.0,2020-01-07,69000,1992,28,84.78,5,2020,1,83800.0
현대(관악),80.0,2020-01-11,69000,1992,28,84.78,8,2020,1,83777.77777777778
현대(관악),80.0,2020-01-21,67800,1992,28,84.78,3,2020,1,84212.5
현대(관악),80.0,2020-02-15,71900,1992,28,84.78,5,2020,2,84212.5
현대(관악),80.0,2020-02-20,72800,1992,28,84.78,11,2020,2,84212.5
현대(관악),80.0,2020-02-22,71000,1992,28,84.78,2,2020,2,84212.5
현대(관악),80.0,2020-02-23,70600,1992,28,84.78,2,2020,2,84212.5
현대(관악),80.0,2020-03-06,72000,1992,28,84.78,3,2020,3,84212.5
현대(관악),80.0,2020-04-24,68000,1992,28,84.78,15,2020,4,86064.70588235294
현대(관악),80.0,2020-04-28,71900,1992,28,84.78,12,2020,4,86064.70588235294
현대(관악),80.0,2020-05-14,72700,1992,28,84.78,10,2020,5,85850.0
현대(관악),80.0,2020-05-14,65000,1992,28,84.78,8,2020,5,85850.0
현대(관악),80.0,2020-06-13,72000,1992,28,84.78,2,2020,6,85850.0
현대(관악),80.0,2020-06-23,76000,1992,28,84.78,8,2020,6,85850.0
현대(관악),80.0,2020-06-26,78000,1992,28,84.78,13,2020,6,85850.0
현대(관악),80.0,2020-09-08,79200,1992,28,84.78,3,2020,9,85850.0
현대(관악),80.0,2020-10-07,84500,1992,28,84.78,8,2020,10,87792.85714285714
현대(관악),80.0,2020-10-07,84500,1992,28,84.78,8,2020,10,87792.85714285714
현대(관악),80.0,2020-11-16,41500,1992,28,84.78,10,2020,11,87758.33333333333
현대(관악),80.0,2020-12-16,84500,1992,28,84.78,15,2020,12,87910.0
현대(관악),80.0,2020-12-24,87200,1992,28,84.78,11,2020,12,87910.0
현대(관악),80.0,2020-12-28,89900,1992,28,84.78,4,2020,12,87711.11111111111
현대(관악),80.0,2021-02-14,94500,1992,29,84.78,8,2021,2,87711.11111111111
현대201동,55.0,2020-07-09,53500,1995,25,59.91,6,2020,7,58000.0
현대201동,55.0,2020-09-18,54800,1995,25,59.91,4,2020,9,58000.0
현대201동,55.0,2020-11-05,58000,1995,25,59.91,8,2020,11,58000.0
힐스테이트 상도 센트럴파크,55.0,2020-03-27,105000,2012,8,59.7754,10,2020,3,134580.0
힐스테이트 상도 센트럴파크,55.0,2020-06-10,106500,2012,8,59.7754,6,2020,6,135240.0
힐스테이트 상도 센트럴파크,55.0,2020-06-13,108200,2012,8,59.7754,8,2020,6,135240.0
힐스테이트 상도 센트럴파크,55.0,2020-06-14,103500,2012,8,59.7686,2,2020,6,135240.0
힐스테이트 상도 센트럴파크,55.0,2020-07-04,102000,2012,8,59.7754,9,2020,7,135583.33333333334
힐스테이트 상도 센트럴파크,55.0,2020-07-05,110000,2012,8,59.7754,5,2020,7,135583.33333333334
힐스테이트 상도 센트럴파크,55.0,2020-07-07,112800,2012,8,59.7754,10,2020,7,135583.33333333334
힐스테이트 상도 센트럴파크,55.0,2020-07-09,117000,2012,8,59.7754,9,2020,7,135583.33333333334
힐스테이트 상도 센트럴파크,55.0,2020-07-09,117000,2012,8,59.7754,9,2020,7,135583.33333333334
힐스테이트 상도 센트럴파크,55.0,2020-07-11,109000,2012,8,59.7686,2,2020,7,135583.33333333334
힐스테이트 상도 센트럴파크,55.0,2020-07-12,117000,2012,8,59.7754,11,2020,7,136000.0
힐스테이트 상도 센트럴파크,55.0,2020-07-18,116000,2012,8,59.7754,11,2020,7,136181.81818181818
힐스테이트 상도 센트럴파크,55.0,2020-07-28,110000,2012,8,59.7686,1,2020,7,136181.81818181818
힐스테이트 상도 센트럴파크,55.0,2020-08-08,119800,2012,8,59.8758,6,2020,8,136380.95238095237
힐스테이트 상도 센트럴파크,55.0,2020-10-31,122800,2012,8,59.8758,10,2020,10,142611.11111111112
힐스테이트 상도 센트럴파크,55.0,2020-12-01,120000,2012,8,59.7686,12,2020,12,142611.11111111112
힐스테이트 상도 센트럴파크,55.0,2020-12-02,122000,2012,8,59.7754,13,2020,12,142611.11111111112
힐스테이트 상도 센트럴파크,55.0,2020-12-13,117000,2012,8,59.7754,13,2020,12,143250.0
힐스테이트 상도 센트럴파크,55.0,2020-12-15,118000,2012,8,59.8758,4,2020,12,143250.0
힐스테이트 상도 센트럴파크,55.0,2020-12-20,89000,2012,8,59.8758,11,2020,12,144142.85714285713
힐스테이트 상도 센트럴파크,55.0,2021-01-01,124500,2012,9,59.7754,13,2021,1,144142.85714285713
힐스테이트 상도 센트럴파크,55.0,2021-02-04,126000,2012,9,59.7754,6,2021,2,144142.85714285713
힐스테이트 상도 센트럴파크,55.0,2021-02-27,118000,2012,9,59.7754,4,2021,2,144300.0
힐스테이트 상도 센트럴파크,55.0,2021-03-20,127500,2012,9,59.7754,6,2021,3,144000.0
힐스테이트 상도 센트럴파크,80.0,2020-01-18,125500,2012,8,84.7835,14,2020,1,150721.32352941178
힐스테이트 상도 센트럴파크,80.0,2020-02-08,116000,2012,8,84.6099,2,2020,2,151235.15625
힐스테이트 상도 센트럴파크,80.0,2020-02-11,116000,2012,8,84.7835,8,2020,2,151524.21875
힐스테이트 상도 센트럴파크,80.0,2020-02-22,130000,2012,8,84.7835,13,2020,2,152039.23076923078
힐스테이트 상도 센트럴파크,80.0,2020-03-03,121500,2012,8,84.6099,6,2020,3,152599.24242424243
힐스테이트 상도 센트럴파크,80.0,2020-03-05,125000,2012,8,84.7954,10,2020,3,152888.80597014926
힐스테이트 상도 센트럴파크,80.0,2020-04-14,115000,2012,8,84.7835,12,2020,4,154782.14285714287
힐스테이트 상도 센트럴파크,80.0,2020-05-09,125000,2012,8,84.6099,8,2020,5,156597.97297297296
힐스테이트 상도 센트럴파크,80.0,2020-05-11,115500,2012,8,84.6099,5,2020,5,156756.84931506848
힐스테이트 상도 센트럴파크,80.0,2020-05-21,109800,2012,8,84.7835,2,2020,5,156864.58333333334
힐스테이트 상도 센트럴파크,80.0,2020-05-26,116000,2012,8,84.7835,7,2020,5,156864.58333333334
힐스테이트 상도 센트럴파크,80.0,2020-06-03,118500,2012,8,84.6099,14,2020,6,156864.58333333334
힐스테이트 상도 센트럴파크,80.0,2020-06-12,136000,2012,8,84.6099,10,2020,6,157003.52112676058
힐스테이트 상도 센트럴파크,80.0,2020-06-15,112000,2012,8,84.7835,1,2020,6,157003.52112676058
힐스테이트 상도 센트럴파크,80.0,2020-06-20,117000,2012,8,84.7835,2,2020,6,157003.52112676058
힐스테이트 상도 센트럴파크,80.0,2020-06-24,118000,2012,8,84.6099,3,2020,6,157003.52112676058
힐스테이트 상도 센트럴파크,80.0,2020-06-25,127000,2012,8,84.6099,4,2020,6,157003.52112676058
힐스테이트 상도 센트럴파크,80.0,2020-06-26,125000,2012,8,84.6099,6,2020,6,157003.52112676058
힐스테이트 상도 센트럴파크,80.0,2020-06-26,134000,2012,8,84.7835,12,2020,6,157003.52112676058
힐스테이트 상도 센트럴파크,80.0,2020-06-26,125000,2012,8,84.6099,15,2020,6,157003.52112676058
힐스테이트 상도 센트럴파크,80.0,2020-06-27,126800,2012,8,84.6099,9,2020,6,157003.52112676058
힐스테이트 상도 센트럴파크,80.0,2020-07-01,134000,2012,8,84.7954,13,2020,7,157003.52112676058
힐스테이트 상도 센트럴파크,80.0,2020-07-02,122000,2012,8,84.6099,2,2020,7,157003.52112676058
힐스테이트 상도 센트럴파크,80.0,2020-07-03,115000,2012,8,84.6099,1,2020,7,157003.52112676058
힐스테이트 상도 센트럴파크,80.0,2020-07-04,130000,2012,8,84.7835,15,2020,7,157003.52112676058
힐스테이트 상도 센트럴파크,80.0,2020-07-04,129200,2012,8,84.7835,15,2020,7,157003.52112676058
힐스테이트 상도 센트럴파크,80.0,2020-07-04,129200,2012,8,84.7835,15,2020,7,157003.52112676058
힐스테이트 상도 센트럴파크,80.0,2020-07-04,129200,2012,8,84.7835,15,2020,7,157003.52112676058
힐스테이트 상도 센트럴파크,80.0,2020-07-06,130000,2012,8,84.7835,5,2020,7,157003.52112676058
힐스테이트 상도 센트럴파크,80.0,2020-07-07,130000,2012,8,84.6099,16,2020,7,157003.52112676058
힐스테이트 상도 센트럴파크,80.0,2020-07-09,133500,2012,8,84.7835,7,2020,7,157467.39130434784
힐스테이트 상도 센트럴파크,80.0,2020-07-11,134500,2012,8,84.7835,16,2020,7,157724.26470588235
힐스테이트 상도 센트럴파크,80.0,2020-07-15,133000,2012,8,84.7835,5,2020,7,157724.26470588235
힐스테이트 상도 센트럴파크,80.0,2020-07-18,133800,2012,8,84.7835,11,2020,7,157724.26470588235
힐스테이트 상도 센트럴파크,80.0,2020-07-18,117000,2012,8,84.6099,1,2020,7,157724.26470588235
힐스테이트 상도 센트럴파크,80.0,2020-07-25,134700,2012,8,84.7835,11,2020,7,157724.26470588235
힐스테이트 상도 센트럴파크,80.0,2020-08-15,140000,2012,8,84.6099,15,2020,8,158373.07692307694
힐스테이트 상도 센트럴파크,80.0,2020-08-22,140000,2012,8,84.6099,18,2020,8,158613.28125
힐스테이트 상도 센트럴파크,80.0,2020-08-24,134000,2012,8,84.7835,9,2020,8,158829.3650793651
힐스테이트 상도 센트럴파크,80.0,2020-08-26,138500,2012,8,84.6099,12,2020,8,158829.3650793651
힐스테이트 상도 센트럴파크,80.0,2020-08-26,138500,2012,8,84.6099,12,2020,8,158829.3650793651
힐스테이트 상도 센트럴파크,80.0,2020-08-28,102000,2012,8,84.6099,8,2020,8,158829.3650793651
힐스테이트 상도 센트럴파크,80.0,2020-09-05,135700,2012,8,84.6099,3,2020,9,159429.16666666666
힐스테이트 상도 센트럴파크,80.0,2020-09-12,134200,2012,8,84.7835,12,2020,9,160147.32142857142
힐스테이트 상도 센트럴파크,80.0,2020-10-07,142000,2012,8,84.6099,8,2020,10,161000.98039215687
힐스테이트 상도 센트럴파크,80.0,2020-10-17,138000,2012,8,84.6099,10,2020,10,161221.0
힐스테이트 상도 센트럴파크,80.0,2020-10-29,137500,2012,8,84.7835,4,2020,10,162160.63829787233
힐스테이트 상도 센트럴파크,80.0,2020-10-29,135000,2012,8,84.7835,3,2020,10,162160.63829787233
힐스테이트 상도 센트럴파크,80.0,2020-10-31,138000,2012,8,84.7835,12,2020,10,162160.63829787233
힐스테이트 상도 센트럴파크,80.0,2020-11-08,137800,2012,8,84.7835,15,2020,11,162630.0
힐스테이트 상도 센트럴파크,80.0,2020-11-12,139000,2012,8,84.7835,11,2020,11,163054.6511627907
힐스테이트 상도 센트럴파크,80.0,2020-11-23,142000,2012,8,84.6099,9,2020,11,164007.6923076923
힐스테이트 상도 센트럴파크,80.0,2020-12-03,131500,2012,8,84.6099,1,2020,12,166043.33333333334
힐스테이트 상도 센트럴파크,80.0,2020-12-09,149400,2012,8,84.6099,11,2020,12,166043.33333333334
힐스테이트 상도 센트럴파크,80.0,2020-12-25,137800,2012,8,84.6099,1,2020,12,167956.52173913043
힐스테이트 상도 센트럴파크,80.0,2021-01-09,149500,2012,9,84.6099,7,2021,1,169450.0
힐스테이트 상도 센트럴파크,80.0,2021-01-15,140000,2012,9,84.7835,8,2021,1,169657.8947368421
힐스테이트 상도 센트럴파크,80.0,2021-01-15,140000,2012,9,84.7835,8,2021,1,169657.8947368421
힐스테이트 상도 센트럴파크,80.0,2021-01-21,149000,2012,9,84.7835,4,2021,1,169657.8947368421
힐스테이트 상도 센트럴파크,80.0,2021-02-01,144500,2012,9,84.7835,5,2021,2,169657.8947368421
힐스테이트 상도 센트럴파크,80.0,2021-02-09,146400,2012,9,84.6099,11,2021,2,169657.8947368421
힐스테이트 상도 센트럴파크,80.0,2021-02-24,154000,2012,9,84.6099,13,2021,2,172678.57142857142
힐스테이트 상도 센트럴파크,80.0,2021-02-24,144700,2012,9,84.6099,3,2021,2,172678.57142857142
힐스테이트 상도 센트럴파크,80.0,2021-02-24,144700,2012,9,84.6099,3,2021,2,172678.57142857142
힐스테이트 상도 센트럴파크,80.0,2021-03-01,150000,2012,9,84.6099,6,2021,3,174916.66666666666
힐스테이트 상도 센트럴파크,80.0,2021-03-02,150000,2012,9,84.7835,15,2021,3,174916.66666666666
힐스테이트 상도 센트럴파크,80.0,2021-03-18,149000,2012,9,84.6099,5,2021,3,176111.11111111112
힐스테이트 상도 센트럴파크,80.0,2021-04-07,121000,2012,9,84.7835,16,2021,4,179000.0
힐스테이트 상도 센트럴파크,80.0,2021-04-10,145000,2012,9,84.7835,2,2021,4,179000.0
힐스테이트 상도 센트럴파크,80.0,2021-04-17,139000,2012,9,84.6099,2,2021,4,179000.0
힐스테이트 상도 센트럴파크,80.0,2021-04-19,143000,2012,9,84.6099,2,2021,4,180000.0
힐스테이트 상도 센트럴파크,115.0,2020-06-13,140000,2012,8,118.2086,2,2020,6,175464.2857142857
힐스테이트 상도 센트럴파크,115.0,2020-06-14,136000,2012,8,118.1759,6,2020,6,175464.2857142857
힐스테이트 상도 센트럴파크,115.0,2020-06-18,140000,2012,8,118.2086,10,2020,6,175464.2857142857
힐스테이트 상도 센트럴파크,115.0,2020-06-25,138500,2012,8,118.1432,5,2020,6,175464.2857142857
힐스테이트 상도 센트럴파크,115.0,2020-06-25,138500,2012,8,118.1432,5,2020,6,175464.2857142857
힐스테이트 상도 센트럴파크,115.0,2020-06-30,141500,2012,8,118.1759,9,2020,6,175464.2857142857
힐스테이트 상도 센트럴파크,115.0,2020-07-01,139000,2012,8,118.1759,4,2020,7,175464.2857142857
힐스테이트 상도 센트럴파크,115.0,2020-07-01,139000,2012,8,118.1759,4,2020,7,175464.2857142857
힐스테이트 상도 센트럴파크,115.0,2020-07-15,149500,2012,8,118.1759,5,2020,7,175464.2857142857
힐스테이트 상도 센트럴파크,115.0,2020-08-01,145000,2012,8,118.2086,1,2020,8,175464.2857142857
힐스테이트 상도 센트럴파크,115.0,2020-09-07,153000,2012,8,118.1759,16,2020,9,177500.0
힐스테이트 상도 센트럴파크,115.0,2020-11-21,170000,2012,8,118.2086,5,2020,11,178136.36363636365
힐스테이트 상도 센트럴파크,115.0,2020-11-21,170000,2012,8,118.2086,5,2020,11,178136.36363636365
힐스테이트 상도 센트럴파크,115.0,2020-12-25,164000,2012,8,118.1759,4,2020,12,187333.33333333334
힐스테이트 상도 센트럴파크,115.0,2021-01-23,174000,2012,9,118.2086,5,2021,1,187333.33333333334
힐스테이트 상도 센트럴파크,115.0,2021-01-27,173500,2012,9,118.1759,11,2021,1,187333.33333333334
힐스테이트 상도 센트럴파크,115.0,2021-02-10,167000,2012,9,118.2086,4,2021,2,187333.33333333334
힐스테이트 상도 프레스티지,55.0,2020-06-06,101500,2013,7,59.928,9,2020,6,139250.0
힐스테이트 상도 프레스티지,80.0,2020-01-02,115000,2013,7,84.884,12,2020,1,144876.7441860465
힐스테이트 상도 프레스티지,80.0,2020-01-22,117000,2013,7,84.951,4,2020,1,145666.66666666666
힐스테이트 상도 프레스티지,80.0,2020-02-05,117000,2013,7,84.922,8,2020,2,146208.33333333334
힐스테이트 상도 프레스티지,80.0,2020-02-06,120000,2013,7,84.951,11,2020,2,146208.33333333334
힐스테이트 상도 프레스티지,80.0,2020-06-13,121500,2013,7,84.884,13,2020,6,151784.3137254902
힐스테이트 상도 프레스티지,80.0,2020-06-15,114000,2013,7,84.951,1,2020,6,151784.3137254902
힐스테이트 상도 프레스티지,80.0,2020-06-17,120000,2013,7,84.951,4,2020,6,151784.3137254902
힐스테이트 상도 프레스티지,80.0,2020-06-20,114000,2013,7,84.953,1,2020,6,151880.0
힐스테이트 상도 프레스티지,80.0,2020-06-27,130000,2013,7,84.922,8,2020,6,151880.0
힐스테이트 상도 프레스티지,80.0,2020-06-29,124000,2013,7,84.884,12,2020,6,151880.0
힐스테이트 상도 프레스티지,80.0,2020-07-02,121500,2013,7,84.953,7,2020,7,151880.0
힐스테이트 상도 프레스티지,80.0,2020-07-04,125000,2013,7,84.884,6,2020,7,151880.0
힐스테이트 상도 프레스티지,80.0,2020-07-04,125200,2013,7,84.884,3,2020,7,151880.0
힐스테이트 상도 프레스티지,80.0,2020-07-04,125200,2013,7,84.884,3,2020,7,151880.0
힐스테이트 상도 프레스티지,80.0,2020-07-18,125000,2013,7,84.884,4,2020,7,151880.0
힐스테이트 상도 프레스티지,80.0,2020-07-31,133000,2013,7,84.884,14,2020,7,151880.0
힐스테이트 상도 프레스티지,80.0,2020-08-08,136000,2013,7,84.951,12,2020,8,151880.0
힐스테이트 상도 프레스티지,80.0,2020-08-08,127500,2013,7,84.884,9,2020,8,151880.0
힐스테이트 상도 프레스티지,80.0,2020-09-03,128000,2013,7,84.884,3,2020,9,152265.95744680852
힐스테이트 상도 프레스티지,80.0,2020-09-29,130000,2013,7,84.884,13,2020,9,153238.09523809524
힐스테이트 상도 프레스티지,80.0,2020-09-29,136000,2013,7,84.951,18,2020,9,153238.09523809524
힐스테이트 상도 프레스티지,80.0,2020-09-29,130000,2013,7,84.884,13,2020,9,153238.09523809524
힐스테이트 상도 프레스티지,80.0,2020-10-12,126000,2013,7,84.951,2,2020,10,153404.8780487805
힐스테이트 상도 프레스티지,80.0,2020-10-17,127000,2013,7,84.884,4,2020,10,153404.8780487805
힐스테이트 상도 프레스티지,80.0,2020-11-01,137000,2013,7,84.884,12,2020,11,153835.89743589744
힐스테이트 상도 프레스티지,80.0,2020-11-02,123000,2013,7,84.951,16,2020,11,154266.66666666666
힐스테이트 상도 프레스티지,80.0,2020-11-14,128900,2013,7,84.951,1,2020,11,154431.42857142858
힐스테이트 상도 프레스티지,80.0,2020-11-22,133500,2013,7,84.922,7,2020,11,154431.42857142858
힐스테이트 상도 프레스티지,80.0,2020-11-26,130000,2013,7,84.884,2,2020,11,154431.42857142858
힐스테이트 상도 프레스티지,80.0,2020-12-10,135000,2013,7,84.951,6,2020,12,155853.33333333334
힐스테이트 상도 프레스티지,80.0,2020-12-18,138000,2013,7,84.884,10,2020,12,156884.61538461538
힐스테이트 상도 프레스티지,80.0,2020-12-20,134000,2013,7,84.884,2,2020,12,156884.61538461538
힐스테이트 상도 프레스티지,80.0,2020-12-24,138000,2013,7,84.884,17,2020,12,158272.72727272726
힐스테이트 상도 프레스티지,80.0,2020-12-25,128000,2013,7,84.951,1,2020,12,158272.72727272726
힐스테이트 상도 프레스티지,80.0,2021-01-09,140000,2013,8,84.951,7,2021,1,159350.0
힐스테이트 상도 프레스티지,80.0,2021-01-16,137900,2013,8,84.884,16,2021,1,159350.0
힐스테이트 상도 프레스티지,80.0,2021-03-13,134500,2013,8,84.884,1,2021,3,166218.75
힐스테이트 상도 프레스티지,80.0,2021-04-03,136000,2013,8,84.884,9,2021,4,171785.7142857143
힐스테이트 상도 프레스티지,120.0,2020-02-25,120000,2013,7,120.49,1,2020,2,169928.57142857142
힐스테이트 상도 프레스티지,120.0,2020-06-06,143500,2013,7,120.004,15,2020,6,177705.88235294117
힐스테이트 상도 프레스티지,120.0,2020-06-15,141000,2013,7,120.571,10,2020,6,177705.88235294117
힐스테이트 상도 프레스티지,120.0,2020-06-21,142500,2013,7,120.004,11,2020,6,177705.88235294117
힐스테이트 상도 프레스티지,120.0,2020-06-27,147000,2013,7,120.49,20,2020,6,177705.88235294117
힐스테이트 상도 프레스티지,120.0,2020-07-03,142000,2013,7,120.004,2,2020,7,177705.88235294117
힐스테이트 상도 프레스티지,120.0,2020-07-06,145000,2013,7,120.004,8,2020,7,177705.88235294117
힐스테이트 상도 프레스티지,120.0,2020-07-11,147000,2013,7,120.49,9,2020,7,177705.88235294117
힐스테이트 상도 프레스티지,120.0,2020-10-30,168000,2013,7,120.936,10,2020,10,184500.0
힐스테이트 상도 프레스티지,120.0,2020-11-03,165000,2013,7,120.936,4,2020,11,184500.0
힐스테이트 상도 프레스티지,120.0,2020-11-06,174000,2013,7,120.936,13,2020,11,184500.0
